,continent,country,population,cases,deaths,tests,day,time
0,Asia,China,1439323776.0,"{'new': '+10', 'active': 286, 'critical': 4, 'recovered': 85488, '1M_pop': '63', 'total': 90410}","{'new': None, '1M_pop': '3', 'total': 4636}","{'1M_pop': '111163', 'total': 160000000}",2021-04-11,2021-04-11T15:15:30+00:00
1,Oceania,Micronesia,115715.0,"{'new': None, 'active': 0, 'critical': None, 'recovered': 1, '1M_pop': '9', 'total': 1}","{'new': None, '1M_pop': None, 'total': None}","{'1M_pop': None, 'total': None}",2021-04-11,2021-04-11T15:15:30+00:00
2,Oceania,Vanuatu,311994.0,"{'new': '+2', 'active': 2, 'critical': None, 'recovered': 1, '1M_pop': '10', 'total': 3}","{'new': None, '1M_pop': None, 'total': None}","{'1M_pop': '1506', 'total': 470}",2021-04-11,2021-04-11T15:15:30+00:00
3,North-America,Anguilla,15103.0,"{'new': None, 'active': 3, 'critical': None, 'recovered': 22, '1M_pop': '1655', 'total': 25}","{'new': None, '1M_pop': None, 'total': None}","{'1M_pop': '965305', 'total': 14579}",2021-04-11,2021-04-11T15:15:29+00:00
4,North-America,Greenland,56842.0,"{'new': None, 'active': 0, 'critical': None, 'recovered': 31, '1M_pop': '545', 'total': 31}","{'new': None, '1M_pop': None, 'total': None}","{'1M_pop': '363622', 'total': 20669}",2021-04-11,2021-04-11T15:15:29+00:00
5,North-America,Montserrat,4994.0,"{'new': None, 'active': 0, 'critical': None, 'recovered': 19, '1M_pop': '4005', 'total': 20}","{'new': None, '1M_pop': '200', 'total': 1}","{'1M_pop': '262915', 'total': 1313}",2021-04-11,2021-04-11T15:15:29+00:00
6,North-America,Saint-Kitts-and-Nevis,53480.0,"{'new': None, 'active': 0, 'critical': None, 'recovered': 44, '1M_pop': '823', 'total': 44}","{'new': None, '1M_pop': None, 'total': None}","{'1M_pop': '231507', 'total': 12381}",2021-04-11,2021-04-11T15:15:29+00:00
7,Oceania,Solomon-Islands,699272.0,"{'new': '+1', 'active': 1, 'critical': None, 'recovered': 18, '1M_pop': '27', 'total': 19}","{'new': None, '1M_pop': None, 'total': None}","{'1M_pop': '6435', 'total': 4500}",2021-04-11,2021-04-11T15:15:29+00:00
8,Asia,Macao,656120.0,"{'new': '+1', 'active': 1, 'critical': None, 'recovered': 48, '1M_pop': '75', 'total': 49}","{'new': None, '1M_pop': None, 'total': None}","{'1M_pop': '6734', 'total': 4418}",2021-04-11,2021-04-11T15:15:29+00:00
9,Europe,Vatican-City,803.0,"{'new': None, 'active': 12, 'critical': None, 'recovered': 15, '1M_pop': '33624', 'total': 27}","{'new': None, '1M_pop': None, 'total': None}","{'1M_pop': None, 'total': None}",2021-04-11,2021-04-11T15:15:29+00:00
10,Oceania,Samoa,199230.0,"{'new': '+1', 'active': 1, 'critical': None, 'recovered': 2, '1M_pop': '15', 'total': 3}","{'new': None, '1M_pop': None, 'total': None}","{'1M_pop': None, 'total': None}",2021-04-11,2021-04-11T15:15:29+00:00
11,Oceania,Marshall-Islands,59355.0,"{'new': None, 'active': 0, 'critical': None, 'recovered': 4, '1M_pop': '67', 'total': 4}","{'new': None, '1M_pop': None, 'total': None}","{'1M_pop': None, 'total': None}",2021-04-11,2021-04-11T15:15:29+00:00
12,Asia,Laos,7357028.0,"{'new': '+2', 'active': 4, 'critical': None, 'recovered': 47, '1M_pop': '7', 'total': 51}","{'new': None, '1M_pop': None, 'total': None}","{'1M_pop': '19382', 'total': 142596}",2021-04-11,2021-04-11T15:15:29+00:00
13,,MS-Zaandam,,"{'new': None, 'active': 0, 'critical': None, 'recovered': 7, '1M_pop': None, 'total': 9}","{'new': None, '1M_pop': None, 'total': 2}","{'1M_pop': None, 'total': None}",2021-04-11,2021-04-11T15:15:29+00:00
14,Africa,Western-Sahara,606087.0,"{'new': None, 'active': 1, 'critical': None, 'recovered': 8, '1M_pop': '16', 'total': 10}","{'new': None, '1M_pop': '2', 'total': 1}","{'1M_pop': None, 'total': None}",2021-04-11,2021-04-11T15:15:29+00:00
15,North-America,Saint-Pierre-Miquelon,5772.0,"{'new': None, 'active': 0, 'critical': None, 'recovered': 24, '1M_pop': '4158', 'total': 24}","{'new': None, '1M_pop': None, 'total': None}","{'1M_pop': '888080', 'total': 5126}",2021-04-11,2021-04-11T15:15:29+00:00
16,North-America,Cayman-Islands,66316.0,"{'new': '+1', 'active': 27, 'critical': None, 'recovered': 487, '1M_pop': '7781', 'total': 516}","{'new': None, '1M_pop': '30', 'total': 2}","{'1M_pop': '1278756', 'total': 84802}",2021-04-11,2021-04-11T15:15:28+00:00
17,North-America,British-Virgin-Islands,30384.0,"{'new': '+12', 'active': 18, 'critical': None, 'recovered': 159, '1M_pop': '5858', 'total': 178}","{'new': None, '1M_pop': '33', 'total': 1}","{'1M_pop': '435196', 'total': 13223}",2021-04-11,2021-04-11T15:15:28+00:00
18,North-America,Dominica,72120.0,"{'new': '+1', 'active': 6, 'critical': None, 'recovered': 159, '1M_pop': '2288', 'total': 165}","{'new': None, '1M_pop': None, 'total': None}","{'1M_pop': '187188', 'total': 13500}",2021-04-11,2021-04-11T15:15:28+00:00
19,Asia,Brunei,440695.0,"{'new': '+3', 'active': 10, 'critical': None, 'recovered': 206, '1M_pop': '497', 'total': 219}","{'new': None, '1M_pop': '7', 'total': 3}","{'1M_pop': '264573', 'total': 116596}",2021-04-11,2021-04-11T15:15:28+00:00
20,Africa,Tanzania,59886383.0,"{'new': None, 'active': 305, 'critical': 7, 'recovered': 183, '1M_pop': '8', 'total': 509}","{'new': None, '1M_pop': '0.4', 'total': 21}","{'1M_pop': None, 'total': None}",2021-04-11,2021-04-11T15:15:28+00:00
21,North-America,St-Barth,9900.0,"{'new': '+132', 'active': 444, 'critical': None, 'recovered': 462, '1M_pop': '91616', 'total': 907}","{'new': None, '1M_pop': '101', 'total': 1}","{'1M_pop': '2665152', 'total': 26385}",2021-04-11,2021-04-11T15:15:28+00:00
22,Europe,Faeroe-Islands,49007.0,"{'new': None, 'active': 0, 'critical': None, 'recovered': 660, '1M_pop': '13488', 'total': 661}","{'new': None, '1M_pop': '20', 'total': 1}","{'1M_pop': '5025323', 'total': 246276}",2021-04-11,2021-04-11T15:15:28+00:00
23,,Diamond-Princess,,"{'new': None, 'active': 0, 'critical': None, 'recovered': 699, '1M_pop': None, 'total': 712}","{'new': None, '1M_pop': None, 'total': 13}","{'1M_pop': None, 'total': None}",2021-04-11,2021-04-11T15:15:28+00:00
24,North-America,Grenada,112904.0,"{'new': '+1', 'active': 2, 'critical': None, 'recovered': 152, '1M_pop': '1373', 'total': 155}","{'new': None, '1M_pop': '9', 'total': 1}","{'1M_pop': '212473', 'total': 23989}",2021-04-11,2021-04-11T15:15:28+00:00
25,Oceania,Wallis-and-Futuna,11085.0,"{'new': '+2', 'active': 383, 'critical': 3, 'recovered': 44, '1M_pop': '38972', 'total': 432}","{'new': None, '1M_pop': '451', 'total': 5}","{'1M_pop': '120072', 'total': 1331}",2021-04-11,2021-04-11T15:15:28+00:00
26,South-America,Falkland-Islands,3558.0,"{'new': None, 'active': 6, 'critical': None, 'recovered': 54, '1M_pop': '16863', 'total': 60}","{'new': None, '1M_pop': None, 'total': None}","{'1M_pop': '2013772', 'total': 7165}",2021-04-11,2021-04-11T15:15:28+00:00
27,Oceania,Fiji,901437.0,"{'new': '+1', 'active': 2, 'critical': None, 'recovered': 64, '1M_pop': '75', 'total': 68}","{'new': None, '1M_pop': '2', 'total': 2}","{'1M_pop': '44706', 'total': 40300}",2021-04-11,2021-04-11T15:15:28+00:00
28,Oceania,New-Caledonia,287598.0,"{'new': None, 'active': 63, 'critical': None, 'recovered': 58, '1M_pop': '421', 'total': 121}","{'new': None, '1M_pop': None, 'total': None}","{'1M_pop': '100894', 'total': 29017}",2021-04-11,2021-04-11T15:15:28+00:00
29,North-America,Bermuda,62100.0,"{'new': '+116', 'active': 871, 'critical': 28, 'recovered': 888, '1M_pop': '28551', 'total': 1773}","{'new': None, '1M_pop': '225', 'total': 14}","{'1M_pop': '3451530', 'total': 214340}",2021-04-11,2021-04-11T15:15:27+00:00
30,Asia,Timor-Leste,1337717.0,"{'new': '+70', 'active': 503, 'critical': None, 'recovered': 443, '1M_pop': '708', 'total': 947}","{'new': None, '1M_pop': '0.7', 'total': 1}","{'1M_pop': '36154', 'total': 48364}",2021-04-11,2021-04-11T15:15:27+00:00
31,North-America,St-Vincent-Grenadines,111212.0,"{'new': '+1', 'active': 129, 'critical': 2, 'recovered': 1651, '1M_pop': '16095', 'total': 1790}","{'new': None, '1M_pop': '90', 'total': 10}","{'1M_pop': '393950', 'total': 43812}",2021-04-11,2021-04-11T15:15:27+00:00
32,Asia,Taiwan,23850203.0,"{'new': '+1', 'active': 24, 'critical': None, 'recovered': 1022, '1M_pop': '44', 'total': 1057}","{'new': '+1', '1M_pop': '0.5', 'total': 11}","{'1M_pop': '20894', 'total': 498329}",2021-04-11,2021-04-11T15:15:27+00:00
33,North-America,Caribbean-Netherlands,26411.0,"{'new': '+5', 'active': 137, 'critical': None, 'recovered': 1365, '1M_pop': '57400', 'total': 1516}","{'new': None, '1M_pop': '530', 'total': 14}","{'1M_pop': '379047', 'total': 10011}",2021-04-11,2021-04-11T15:15:27+00:00
34,Asia,Bhutan,778174.0,"{'new': '+8', 'active': 42, 'critical': None, 'recovered': 875, '1M_pop': '1180', 'total': 918}","{'new': None, '1M_pop': '1', 'total': 1}","{'1M_pop': '837784', 'total': 651942}",2021-04-11,2021-04-11T15:15:27+00:00
35,Africa,Mauritius,1273405.0,"{'new': '+2', 'active': 405, 'critical': None, 'recovered': 775, '1M_pop': '936', 'total': 1192}","{'new': None, '1M_pop': '9', 'total': 12}","{'1M_pop': '281666', 'total': 358675}",2021-04-11,2021-04-11T15:15:27+00:00
36,Europe,Isle-of-Man,85379.0,"{'new': '+2', 'active': 100, 'critical': None, 'recovered': 1445, '1M_pop': '18435', 'total': 1574}","{'new': None, '1M_pop': '340', 'total': 29}","{'1M_pop': '524262', 'total': 44761}",2021-04-11,2021-04-11T15:15:27+00:00
37,Africa,Sao-Tome-and-Principe,222294.0,"{'new': '+2', 'active': 49, 'critical': None, 'recovered': 2179, '1M_pop': '10180', 'total': 2263}","{'new': None, '1M_pop': '157', 'total': 35}","{'1M_pop': '56668', 'total': 12597}",2021-04-11,2021-04-11T15:15:27+00:00
38,North-America,Sint-Maarten,43252.0,"{'new': '+3', 'active': 40, 'critical': 1, 'recovered': 2118, '1M_pop': '50518', 'total': 2185}","{'new': None, '1M_pop': '624', 'total': 27}","{'1M_pop': '585037', 'total': 25304}",2021-04-11,2021-04-11T15:15:27+00:00
39,North-America,Saint-Martin,39174.0,"{'new': None, 'active': 282, 'critical': 7, 'recovered': 1399, '1M_pop': '43217', 'total': 1693}","{'new': None, '1M_pop': '306', 'total': 12}","{'1M_pop': '673533', 'total': 26385}",2021-04-11,2021-04-11T15:15:27+00:00
40,North-America,Antigua-and-Barbuda,98556.0,"{'new': '+15', 'active': 231, 'critical': 45, 'recovered': 936, '1M_pop': '12145', 'total': 1197}","{'new': None, '1M_pop': '304', 'total': 30}","{'1M_pop': '167346', 'total': 16493}",2021-04-11,2021-04-11T15:15:27+00:00
41,Africa,Liberia,5140916.0,"{'new': '+2', 'active': 58, 'critical': 2, 'recovered': 1899, '1M_pop': '397', 'total': 2042}","{'new': None, '1M_pop': '17', 'total': 85}","{'1M_pop': '15500', 'total': 79684}",2021-04-11,2021-04-11T15:15:27+00:00
42,North-America,Turks-and-Caicos,39121.0,"{'new': '+13', 'active': 60, 'critical': 2, 'recovered': 2280, '1M_pop': '60249', 'total': 2357}","{'new': None, '1M_pop': '435', 'total': 17}","{'1M_pop': '1016922', 'total': 39783}",2021-04-11,2021-04-11T15:15:26+00:00
43,Africa,Guinea-Bissau,2003626.0,"{'new': '+3', 'active': 553, 'critical': 9, 'recovered': 3059, '1M_pop': '1836', 'total': 3678}","{'new': None, '1M_pop': '33', 'total': 66}","{'1M_pop': '30031', 'total': 60171}",2021-04-11,2021-04-11T15:15:26+00:00
44,Oceania,New-Zealand,5002100.0,"{'new': '+3', 'active': 108, 'critical': None, 'recovered': 2440, '1M_pop': '515', 'total': 2574}","{'new': None, '1M_pop': '5', 'total': 26}","{'1M_pop': '388265', 'total': 1942141}",2021-04-11,2021-04-11T15:15:26+00:00
45,Africa,Burundi,12161279.0,"{'new': '+41', 'active': 2340, 'critical': None, 'recovered': 773, '1M_pop': '256', 'total': 3119}","{'new': None, '1M_pop': '0.5', 'total': 6}","{'1M_pop': '7402', 'total': 90019}",2021-04-11,2021-04-11T15:15:26+00:00
46,Europe,Monaco,39457.0,"{'new': '+5', 'active': 113, 'critical': 6, 'recovered': 2230, '1M_pop': '60167', 'total': 2374}","{'new': None, '1M_pop': '786', 'total': 31}","{'1M_pop': '1316699', 'total': 51953}",2021-04-11,2021-04-11T15:15:26+00:00
47,Asia,Cambodia,16897563.0,"{'new': '+157', 'active': 2057, 'critical': None, 'recovered': 2152, '1M_pop': '251', 'total': 4238}","{'new': '+3', '1M_pop': '2', 'total': 29}","{'1M_pop': '45624', 'total': 770928}",2021-04-11,2021-04-11T15:15:26+00:00
48,Africa,Sierra-Leone,8100962.0,"{'new': '+2', 'active': 1088, 'critical': None, 'recovered': 2828, '1M_pop': '493', 'total': 3995}","{'new': None, '1M_pop': '10', 'total': 79}","{'1M_pop': '14607', 'total': 118332}",2021-04-11,2021-04-11T15:15:26+00:00
49,Europe,Liechtenstein,38213.0,"{'new': '+15', 'active': 91, 'critical': 4, 'recovered': 2606, '1M_pop': '72044', 'total': 2753}","{'new': None, '1M_pop': '1465', 'total': 56}","{'1M_pop': '844006', 'total': 32252}",2021-04-11,2021-04-11T15:15:26+00:00
50,Asia,Vietnam,98015919.0,"{'new': '+1', 'active': 229, 'critical': None, 'recovered': 2429, '1M_pop': '27', 'total': 2693}","{'new': None, '1M_pop': '0.4', 'total': 35}","{'1M_pop': '26514', 'total': 2598753}",2021-04-11,2021-04-11T15:15:26+00:00
51,Europe,Channel-Islands,175102.0,"{'new': None, 'active': 9, 'critical': 1, 'recovered': 3956, '1M_pop': '23135', 'total': 4051}","{'new': None, '1M_pop': '491', 'total': 86}","{'1M_pop': '2283817', 'total': 399901}",2021-04-11,2021-04-11T15:15:26+00:00
52,Africa,Eritrea,3584173.0,"{'new': '+54', 'active': 271, 'critical': None, 'recovered': 3166, '1M_pop': '962', 'total': 3447}","{'new': None, '1M_pop': '3', 'total': 10}","{'1M_pop': '6610', 'total': 23693}",2021-04-11,2021-04-11T15:15:26+00:00
53,Africa,Comoros,883854.0,"{'new': '+31', 'active': 66, 'critical': None, 'recovered': 3577, '1M_pop': '4287', 'total': 3789}","{'new': None, '1M_pop': '165', 'total': 146}","{'1M_pop': None, 'total': None}",2021-04-11,2021-04-11T15:15:26+00:00
54,North-America,Barbados,287648.0,"{'new': '+11', 'active': 88, 'critical': None, 'recovered': 3587, '1M_pop': '12929', 'total': 3719}","{'new': None, '1M_pop': '153', 'total': 44}","{'1M_pop': '506918', 'total': 145814}",2021-04-11,2021-04-11T15:15:26+00:00
55,Africa,Chad,16786050.0,"{'new': '+6', 'active': 172, 'critical': None, 'recovered': 4286, '1M_pop': '276', 'total': 4625}","{'new': None, '1M_pop': '10', 'total': 167}","{'1M_pop': '6604', 'total': 110863}",2021-04-11,2021-04-11T15:15:25+00:00
56,North-America,Nicaragua,6684577.0,"{'new': '+50', 'active': 2323, 'critical': None, 'recovered': 4225, '1M_pop': '1006', 'total': 6727}","{'new': '+1', '1M_pop': '27', 'total': 179}","{'1M_pop': None, 'total': None}",2021-04-11,2021-04-11T15:15:25+00:00
57,Africa,CAR,4894258.0,"{'new': '+26', 'active': 361, 'critical': 2, 'recovered': 5056, '1M_pop': '1122', 'total': 5491}","{'new': None, '1M_pop': '15', 'total': 74}","{'1M_pop': '8358', 'total': 40907}",2021-04-11,2021-04-11T15:15:25+00:00
58,Africa,Niger,24873980.0,"{'new': '+10', 'active': 137, 'critical': 1, 'recovered': 4747, '1M_pop': '204', 'total': 5072}","{'new': None, '1M_pop': '8', 'total': 188}","{'1M_pop': '3753', 'total': 93345}",2021-04-11,2021-04-11T15:15:25+00:00
59,Europe,Gibraltar,33683.0,"{'new': None, 'active': 3, 'critical': None, 'recovered': 4180, '1M_pop': '126978', 'total': 4277}","{'new': None, '1M_pop': '2791', 'total': 94}","{'1M_pop': '6518511', 'total': 219563}",2021-04-11,2021-04-11T15:15:25+00:00
60,Africa,Equatorial-Guinea,1438269.0,"{'new': '+160', 'active': 314, 'critical': 11, 'recovered': 6799, '1M_pop': '5019', 'total': 7219}","{'new': '+2', '1M_pop': '74', 'total': 106}","{'1M_pop': '80210', 'total': 115364}",2021-04-11,2021-04-11T15:15:25+00:00
61,Africa,Benin,12364386.0,"{'new': '+202', 'active': 970, 'critical': 35, 'recovered': 6452, '1M_pop': '608', 'total': 7515}","{'new': None, '1M_pop': '8', 'total': 93}","{'1M_pop': '44360', 'total': 548484}",2021-04-11,2021-04-11T15:15:25+00:00
62,Europe,Iceland,342957.0,"{'new': None, 'active': 103, 'critical': None, 'recovered': 6126, '1M_pop': '18247', 'total': 6258}","{'new': None, '1M_pop': '85', 'total': 29}","{'1M_pop': '1628968', 'total': 558666}",2021-04-11,2021-04-11T15:15:25+00:00
63,Africa,Seychelles,98817.0,"{'new': None, 'active': 280, 'critical': None, 'recovered': 4091, '1M_pop': '44476', 'total': 4395}","{'new': None, '1M_pop': '243', 'total': 24}","{'1M_pop': '217614', 'total': 21504}",2021-04-11,2021-04-11T15:15:25+00:00
64,Africa,Gambia,2468751.0,"{'new': '+38', 'active': 289, 'critical': 3, 'recovered': 5145, '1M_pop': '2269', 'total': 5602}","{'new': '+2', '1M_pop': '68', 'total': 168}","{'1M_pop': '24019', 'total': 59297}",2021-04-11,2021-04-11T15:15:25+00:00
65,Europe,San-Marino,33986.0,"{'new': '+12', 'active': 394, 'critical': 10, 'recovered': 4477, '1M_pop': '145825', 'total': 4956}","{'new': None, '1M_pop': '2501', 'total': 85}","{'1M_pop': '1645825', 'total': 55935}",2021-04-11,2021-04-11T15:15:25+00:00
66,North-America,Saint-Lucia,184277.0,"{'new': '+18', 'active': 123, 'critical': 3, 'recovered': 4160, '1M_pop': '23589', 'total': 4347}","{'new': None, '1M_pop': '347', 'total': 64}","{'1M_pop': '203438', 'total': 37489}",2021-04-11,2021-04-11T15:15:25+00:00
67,Asia,Yemen,30329437.0,"{'new': '+43', 'active': 2218, 'critical': 23, 'recovered': 2027, '1M_pop': '174', 'total': 5276}","{'new': '+9', '1M_pop': '34', 'total': 1031}","{'1M_pop': '688', 'total': 20872}",2021-04-11,2021-04-11T15:15:25+00:00
68,Africa,Djibouti,999047.0,"{'new': '+60', 'active': 1865, 'critical': None, 'recovered': 7763, '1M_pop': '9731', 'total': 9722}","{'new': None, '1M_pop': '94', 'total': 94}","{'1M_pop': '139069', 'total': 138936}",2021-04-11,2021-04-11T15:15:24+00:00
69,North-America,Trinidad-and-Tobago,1402988.0,"{'new': '+59', 'active': 514, 'critical': 14, 'recovered': 7723, '1M_pop': '5974', 'total': 8382}","{'new': None, '1M_pop': '103', 'total': 145}","{'1M_pop': '82389', 'total': 115591}",2021-04-11,2021-04-11T15:15:24+00:00
70,Oceania,Papua-New-Guinea,9077560.0,"{'new': '+100', 'active': 7528, 'critical': None, 'recovered': 846, '1M_pop': '930', 'total': 8442}","{'new': None, '1M_pop': '7', 'total': 68}","{'1M_pop': '7740', 'total': 70260}",2021-04-11,2021-04-11T15:15:24+00:00
71,North-America,Martinique,375042.0,"{'new': '+724', 'active': 8873, 'critical': 5, 'recovered': 98, '1M_pop': '24072', 'total': 9028}","{'new': '+6', '1M_pop': '152', 'total': 57}","{'1M_pop': '355582', 'total': 133358}",2021-04-11,2021-04-11T15:15:24+00:00
72,Africa,Lesotho,2155388.0,"{'new': None, 'active': 5718, 'critical': None, 'recovered': 4674, '1M_pop': '4968', 'total': 10707}","{'new': None, '1M_pop': '146', 'total': 315}","{'1M_pop': '33001', 'total': 71129}",2021-04-11,2021-04-11T15:15:24+00:00
73,Asia,Hong-Kong,7544037.0,"{'new': '+13', 'active': 169, 'critical': 7, 'recovered': 11206, '1M_pop': '1535', 'total': 11582}","{'new': None, '1M_pop': '27', 'total': 207}","{'1M_pop': '1483778', 'total': 11193673}",2021-04-11,2021-04-11T15:15:24+00:00
74,Africa,South-Sudan,11295111.0,"{'new': '+13', 'active': 168, 'critical': None, 'recovered': 10090, '1M_pop': '918', 'total': 10372}","{'new': None, '1M_pop': '10', 'total': 114}","{'1M_pop': '12340', 'total': 139379}",2021-04-11,2021-04-11T15:15:24+00:00
75,Africa,Congo,5620579.0,"{'new': '+403', 'active': 1739, 'critical': None, 'recovered': 8208, '1M_pop': '1794', 'total': 10084}","{'new': '+2', '1M_pop': '24', 'total': 137}","{'1M_pop': '16457', 'total': 92500}",2021-04-11,2021-04-11T15:15:24+00:00
76,North-America,Aruba,107117.0,"{'new': '+58', 'active': 573, 'critical': 14, 'recovered': 9351, '1M_pop': '93505', 'total': 10016}","{'new': None, '1M_pop': '859', 'total': 92}","{'1M_pop': '1258941', 'total': 134854}",2021-04-11,2021-04-11T15:15:24+00:00
77,North-America,Bahamas,396139.0,"{'new': '+25', 'active': 338, 'critical': 4, 'recovered': 8837, '1M_pop': '23638', 'total': 9364}","{'new': None, '1M_pop': '477', 'total': 189}","{'1M_pop': '200669', 'total': 79493}",2021-04-11,2021-04-11T15:15:24+00:00
78,North-America,Cura&ccedil;ao,164613.0,"{'new': '+271', 'active': 4712, 'critical': 22, 'recovered': 6405, '1M_pop': '67917', 'total': 11180}","{'new': '+1', '1M_pop': '383', 'total': 63}","{'1M_pop': '510197', 'total': 83985}",2021-04-11,2021-04-11T15:15:24+00:00
79,South-America,Guyana,789492.0,"{'new': '+86', 'active': 1104, 'critical': 14, 'recovered': 9688, '1M_pop': '13989', 'total': 11044}","{'new': None, '1M_pop': '319', 'total': 252}","{'1M_pop': '124383', 'total': 98199}",2021-04-11,2021-04-11T15:15:24+00:00
80,South-America,Suriname,590697.0,"{'new': '+13', 'active': 445, 'critical': 9, 'recovered': 8654, '1M_pop': '15707', 'total': 9278}","{'new': '+1', '1M_pop': '303', 'total': 179}","{'1M_pop': '77840', 'total': 45980}",2021-04-11,2021-04-11T15:15:24+00:00
81,North-America,Guadeloupe,400176.0,"{'new': '+459', 'active': 9724, 'critical': 13, 'recovered': 2242, '1M_pop': '30337', 'total': 12140}","{'new': '+4', '1M_pop': '435', 'total': 174}","{'1M_pop': '397398', 'total': 159029}",2021-04-11,2021-04-11T15:15:23+00:00
82,Asia,Tajikistan,9696522.0,"{'new': None, 'active': 0, 'critical': None, 'recovered': 13218, '1M_pop': '1372', 'total': 13308}","{'new': None, '1M_pop': '9', 'total': 90}","{'1M_pop': None, 'total': None}",2021-04-11,2021-04-11T15:15:23+00:00
83,Africa,Burkina-Faso,21341538.0,"{'new': '+32', 'active': 211, 'critical': None, 'recovered': 12593, '1M_pop': '607', 'total': 12956}","{'new': None, '1M_pop': '7', 'total': 152}","{'1M_pop': '8208', 'total': 175176}",2021-04-11,2021-04-11T15:15:23+00:00
84,Africa,Togo,8427344.0,"{'new': '+133', 'active': 2641, 'critical': None, 'recovered': 9190, '1M_pop': '1418', 'total': 11947}","{'new': None, '1M_pop': '14', 'total': 116}","{'1M_pop': '34505', 'total': 290782}",2021-04-11,2021-04-11T15:15:23+00:00
85,Africa,Mali,20698144.0,"{'new': None, 'active': 4199, 'critical': None, 'recovered': 7101, '1M_pop': '566', 'total': 11705}","{'new': None, '1M_pop': '20', 'total': 405}","{'1M_pop': '11713', 'total': 242445}",2021-04-11,2021-04-11T15:15:23+00:00
86,North-America,Haiti,11509134.0,"{'new': '+24', 'active': 1142, 'critical': None, 'recovered': 11447, '1M_pop': '1116', 'total': 12840}","{'new': None, '1M_pop': '22', 'total': 251}","{'1M_pop': '4725', 'total': 54379}",2021-04-11,2021-04-11T15:15:23+00:00
87,Asia,Mongolia,3319001.0,"{'new': '+831', 'active': 5833, 'critical': 88, 'recovered': 9159, '1M_pop': '4524', 'total': 15014}","{'new': '+2', '1M_pop': '7', 'total': 22}","{'1M_pop': '737041', 'total': 2446241}",2021-04-11,2021-04-11T15:15:23+00:00
88,Europe,Andorra,77361.0,"{'new': '+48', 'active': 600, 'critical': 12, 'recovered': 11825, '1M_pop': '162162', 'total': 12545}","{'new': None, '1M_pop': '1551', 'total': 120}","{'1M_pop': '2502488', 'total': 193595}",2021-04-11,2021-04-11T15:15:23+00:00
89,South-America,French-Guiana,304627.0,"{'new': None, 'active': 7460, 'critical': 9, 'recovered': 9995, '1M_pop': '57608', 'total': 17549}","{'new': None, '1M_pop': '309', 'total': 94}","{'1M_pop': '555666', 'total': 169271}",2021-04-11,2021-04-11T15:15:23+00:00
90,North-America,Belize,403190.0,"{'new': None, 'active': 61, 'critical': 1, 'recovered': 12106, '1M_pop': '30966', 'total': 12485}","{'new': None, '1M_pop': '789', 'total': 318}","{'1M_pop': '256388', 'total': 103373}",2021-04-11,2021-04-11T15:15:23+00:00
91,Africa,R&eacute;union,900240.0,"{'new': None, 'active': 1374, 'critical': 54, 'recovered': 16011, '1M_pop': '19448', 'total': 17508}","{'new': None, '1M_pop': '137', 'total': 123}","{'1M_pop': '111190', 'total': 100098}",2021-04-11,2021-04-11T15:15:23+00:00
92,Africa,Eswatini,1169449.0,"{'new': '+3', 'active': 59, 'critical': 3, 'recovered': 16645, '1M_pop': '14856', 'total': 17373}","{'new': None, '1M_pop': '572', 'total': 669}","{'1M_pop': '148054', 'total': 173142}",2021-04-11,2021-04-11T15:15:23+00:00
93,Africa,Somalia,16229752.0,"{'new': '+293', 'active': 6537, 'critical': None, 'recovered': 5129, '1M_pop': '756', 'total': 12271}","{'new': '+29', '1M_pop': '37', 'total': 605}","{'1M_pop': '6042', 'total': 98053}",2021-04-11,2021-04-11T15:15:23+00:00
94,Oceania,Australia,25728466.0,"{'new': '+6', 'active': 2137, 'critical': None, 'recovered': 26356, '1M_pop': '1143', 'total': 29402}","{'new': None, '1M_pop': '35', 'total': 909}","{'1M_pop': '625807', 'total': 16101054}",2021-04-11,2021-04-11T15:15:22+00:00
95,Africa,Rwanda,13197999.0,"{'new': '+83', 'active': 1957, 'critical': 6, 'recovered': 21072, '1M_pop': '1769', 'total': 23343}","{'new': None, '1M_pop': '24', 'total': 314}","{'1M_pop': '91985', 'total': 1214021}",2021-04-11,2021-04-11T15:15:22+00:00
96,Africa,Madagascar,28237696.0,"{'new': '+515', 'active': 3685, 'critical': 246, 'recovered': 23878, '1M_pop': '994', 'total': 28063}","{'new': '+7', '1M_pop': '18', 'total': 500}","{'1M_pop': '5466', 'total': 154334}",2021-04-11,2021-04-11T15:15:22+00:00
97,Africa,Angola,33649497.0,"{'new': None, 'active': 891, 'critical': 13, 'recovered': 21890, '1M_pop': '693', 'total': 23331}","{'new': None, '1M_pop': '16', 'total': 550}","{'1M_pop': '13105', 'total': 440970}",2021-04-11,2021-04-11T15:15:22+00:00
98,Africa,Cabo-Verde,560654.0,"{'new': None, 'active': 1375, 'critical': 23, 'recovered': 17077, '1M_pop': '33227', 'total': 18629}","{'new': None, '1M_pop': '316', 'total': 177}","{'1M_pop': '242763', 'total': 136106}",2021-04-11,2021-04-11T15:15:22+00:00
99,Africa,Guinea,13405203.0,"{'new': '+61', 'active': 2201, 'critical': 24, 'recovered': 18473, '1M_pop': '1552', 'total': 20807}","{'new': '+1', '1M_pop': '10', 'total': 133}","{'1M_pop': '30862', 'total': 413716}",2021-04-11,2021-04-11T15:15:22+00:00
100,Africa,DRC,91640540.0,"{'new': '+31', 'active': 1956, 'critical': None, 'recovered': 25841, '1M_pop': '311', 'total': 28542}","{'new': None, '1M_pop': '8', 'total': 745}","{'1M_pop': '1563', 'total': 143197}",2021-04-11,2021-04-11T15:15:22+00:00
101,Asia,Maldives,547881.0,"{'new': '+88', 'active': 3028, 'critical': 82, 'recovered': 22429, '1M_pop': '46587', 'total': 25524}","{'new': None, '1M_pop': '122', 'total': 67}","{'1M_pop': '1214043', 'total': 665151}",2021-04-11,2021-04-11T15:15:22+00:00
102,Africa,Gabon,2266102.0,"{'new': None, 'active': 3053, 'critical': 20, 'recovered': 17456, '1M_pop': '9106', 'total': 20636}","{'new': None, '1M_pop': '56', 'total': 127}","{'1M_pop': '292436', 'total': 662689}",2021-04-11,2021-04-11T15:15:22+00:00
103,Asia,Syria,17827337.0,"{'new': '+110', 'active': 4855, 'critical': None, 'recovered': 13895, '1M_pop': '1128', 'total': 20118}","{'new': '+8', '1M_pop': '77', 'total': 1368}","{'1M_pop': None, 'total': None}",2021-04-11,2021-04-11T15:15:22+00:00
104,Africa,Mayotte,277873.0,"{'new': None, 'active': 16512, 'critical': 7, 'recovered': 2964, '1M_pop': '70691', 'total': 19643}","{'new': None, '1M_pop': '601', 'total': 167}","{'1M_pop': '584548', 'total': 162430}",2021-04-11,2021-04-11T15:15:22+00:00
105,Oceania,French-Polynesia,282165.0,"{'new': None, 'active': 13669, 'critical': 2, 'recovered': 4842, '1M_pop': '66103', 'total': 18652}","{'new': None, '1M_pop': '500', 'total': 141}","{'1M_pop': '93403', 'total': 26355}",2021-04-11,2021-04-11T15:15:22+00:00
106,Africa,Mauritania,4743489.0,"{'new': '+7', 'active': 240, 'critical': 14, 'recovered': 17322, '1M_pop': '3797', 'total': 18012}","{'new': None, '1M_pop': '95', 'total': 450}","{'1M_pop': '45295', 'total': 214857}",2021-04-11,2021-04-11T15:15:22+00:00
107,Africa,Malawi,19508185.0,"{'new': '+26', 'active': 1318, 'critical': 23, 'recovered': 31360, '1M_pop': '1733', 'total': 33805}","{'new': '+1', '1M_pop': '58', 'total': 1127}","{'1M_pop': '11451', 'total': 223379}",2021-04-11,2021-04-11T15:15:21+00:00
108,Asia,Thailand,69935763.0,"{'new': '+967', 'active': 4314, 'critical': 1, 'recovered': 28214, '1M_pop': '466', 'total': 32625}","{'new': None, '1M_pop': '1', 'total': 97}","{'1M_pop': '116177', 'total': 8124896}",2021-04-11,2021-04-11T15:15:21+00:00
109,Asia,Afghanistan,39602548.0,"{'new': '+82', 'active': 2724, 'critical': 1120, 'recovered': 51989, '1M_pop': '1445', 'total': 57242}","{'new': '+8', '1M_pop': '64', 'total': 2529}","{'1M_pop': '9334', 'total': 369631}",2021-04-11,2021-04-11T15:15:21+00:00
110,Europe,Malta,442455.0,"{'new': '+66', 'active': 558, 'critical': None, 'recovered': 28654, '1M_pop': '66931', 'total': 29614}","{'new': None, '1M_pop': '909', 'total': 402}","{'1M_pop': '1882060', 'total': 832727}",2021-04-11,2021-04-11T15:15:21+00:00
111,Africa,Ivory-Coast,26880102.0,"{'new': '+56', 'active': 411, 'critical': None, 'recovered': 44473, '1M_pop': '1679', 'total': 45145}","{'new': '+1', '1M_pop': '10', 'total': 261}","{'1M_pop': '20532', 'total': 551900}",2021-04-11,2021-04-11T15:15:21+00:00
112,Africa,Senegal,17082675.0,"{'new': '+67', 'active': 179, 'critical': 16, 'recovered': 38174, '1M_pop': '2308', 'total': 39431}","{'new': '+1', '1M_pop': '63', 'total': 1078}","{'1M_pop': '26588', 'total': 454201}",2021-04-11,2021-04-11T15:15:21+00:00
113,Africa,Zimbabwe,15029879.0,"{'new': None, 'active': 873, 'critical': 12, 'recovered': 34862, '1M_pop': '2480', 'total': 37273}","{'new': None, '1M_pop': '102', 'total': 1538}","{'1M_pop': '26148', 'total': 393000}",2021-04-11,2021-04-11T15:15:21+00:00
114,Africa,Uganda,46847429.0,"{'new': '+27', 'active': 118, 'critical': 24, 'recovered': 40685, '1M_pop': '878', 'total': 41140}","{'new': None, '1M_pop': '7', 'total': 337}","{'1M_pop': '20642', 'total': 967026}",2021-04-11,2021-04-11T15:15:21+00:00
115,Africa,Sudan,44605447.0,"{'new': '+121', 'active': 3834, 'critical': None, 'recovered': 24214, '1M_pop': '675', 'total': 30111}","{'new': '+3', '1M_pop': '46', 'total': 2063}","{'1M_pop': '5223', 'total': 232965}",2021-04-11,2021-04-11T15:15:21+00:00
116,Africa,Namibia,2576359.0,"{'new': '+130', 'active': 1204, 'critical': 20, 'recovered': 43555, '1M_pop': '17592', 'total': 45323}","{'new': '+5', '1M_pop': '219', 'total': 564}","{'1M_pop': '139691', 'total': 359894}",2021-04-11,2021-04-11T15:15:21+00:00
117,Africa,Botswana,2388178.0,"{'new': None, 'active': 3835, 'critical': 1, 'recovered': 38203, '1M_pop': '17869', 'total': 42674}","{'new': None, '1M_pop': '266', 'total': 636}","{'1M_pop': '395693', 'total': 944985}",2021-04-11,2021-04-11T15:15:21+00:00
118,Asia,Cyprus,1214161.0,"{'new': '+446', 'active': 11702, 'critical': 52, 'recovered': 39061, '1M_pop': '42033', 'total': 51035}","{'new': '+4', '1M_pop': '224', 'total': 272}","{'1M_pop': '3202397', 'total': 3888225}",2021-04-11,2021-04-11T15:15:21+00:00
119,North-America,Jamaica,2971145.0,"{'new': '+276', 'active': 22665, 'critical': 44, 'recovered': 18785, '1M_pop': '14176', 'total': 42119}","{'new': '+8', '1M_pop': '225', 'total': 669}","{'1M_pop': '101415', 'total': 301319}",2021-04-11,2021-04-11T15:15:21+00:00
120,Africa,Cameroon,27048056.0,"{'new': '+4394', 'active': 3886, 'critical': 385, 'recovered': 56926, '1M_pop': '2282', 'total': 61731}","{'new': '+68', '1M_pop': '34', 'total': 919}","{'1M_pop': '43898', 'total': 1187367}",2021-04-11,2021-04-11T15:15:20+00:00
121,Asia,Uzbekistan,33843508.0,"{'new': '+198', 'active': 1528, 'critical': 23, 'recovered': 82760, '1M_pop': '2509', 'total': 84922}","{'new': None, '1M_pop': '19', 'total': 634}","{'1M_pop': '40714', 'total': 1377915}",2021-04-11,2021-04-11T15:15:20+00:00
122,North-America,El-Salvador,6511554.0,"{'new': '+174', 'active': 1480, 'critical': 60, 'recovered': 62958, '1M_pop': '10211', 'total': 66489}","{'new': '+3', '1M_pop': '315', 'total': 2051}","{'1M_pop': '133821', 'total': 871383}",2021-04-11,2021-04-11T15:15:20+00:00
123,Asia,Singapore,5885942.0,"{'new': '+20', 'active': 301, 'critical': 1, 'recovered': 60322, '1M_pop': '10305', 'total': 60653}","{'new': None, '1M_pop': '5', 'total': 30}","{'1M_pop': '1493329', 'total': 8789647}",2021-04-11,2021-04-11T15:15:20+00:00
124,Europe,Finland,5547395.0,"{'new': '+346', 'active': 35185, 'critical': 41, 'recovered': 46000, '1M_pop': '14791', 'total': 82053}","{'new': None, '1M_pop': '156', 'total': 868}","{'1M_pop': '747372', 'total': 4145966}",2021-04-11,2021-04-11T15:15:20+00:00
125,Africa,Ghana,31570317.0,"{'new': '+151', 'active': 1414, 'critical': 10, 'recovered': 89092, '1M_pop': '2891', 'total': 91260}","{'new': '+2', '1M_pop': '24', 'total': 754}","{'1M_pop': '32488', 'total': 1025654}",2021-04-11,2021-04-11T15:15:20+00:00
126,Africa,Mozambique,31924805.0,"{'new': '+72', 'active': 9406, 'critical': 68, 'recovered': 58383, '1M_pop': '2148', 'total': 68578}","{'new': None, '1M_pop': '25', 'total': 789}","{'1M_pop': '15492', 'total': 494568}",2021-04-11,2021-04-11T15:15:20+00:00
127,Asia,Sri-Lanka,21482812.0,"{'new': '+170', 'active': 2791, 'critical': None, 'recovered': 91631, '1M_pop': '4423', 'total': 95018}","{'new': '+1', '1M_pop': '28', 'total': 596}","{'1M_pop': '110536', 'total': 2374627}",2021-04-11,2021-04-11T15:15:20+00:00
128,Africa,Zambia,18778931.0,"{'new': '+111', 'active': 785, 'critical': 59, 'recovered': 88018, '1M_pop': '4794', 'total': 90029}","{'new': None, '1M_pop': '65', 'total': 1226}","{'1M_pop': '69511', 'total': 1305345}",2021-04-11,2021-04-11T15:15:20+00:00
129,Asia,Kyrgyzstan,6607187.0,"{'new': '+208', 'active': 2676, 'critical': 24, 'recovered': 85824, '1M_pop': '13624', 'total': 90019}","{'new': '+3', '1M_pop': '230', 'total': 1519}","{'1M_pop': '135828', 'total': 897438}",2021-04-11,2021-04-11T15:15:20+00:00
130,Europe,Luxembourg,633831.0,"{'new': '+183', 'active': 4008, 'critical': 30, 'recovered': 58874, '1M_pop': '100421', 'total': 63650}","{'new': '+5', '1M_pop': '1212', 'total': 768}","{'1M_pop': '3928849', 'total': 2490226}",2021-04-11,2021-04-11T15:15:20+00:00
131,Europe,Montenegro,628127.0,"{'new': '+232', 'active': 4526, 'critical': 69, 'recovered': 88144, '1M_pop': '149707', 'total': 94035}","{'new': '+11', '1M_pop': '2173', 'total': 1365}","{'1M_pop': '558975', 'total': 351107}",2021-04-11,2021-04-11T15:15:20+00:00
132,North-America,Cuba,11321269.0,"{'new': '+1040', 'active': 5161, 'critical': 66, 'recovered': 79958, '1M_pop': '7559', 'total': 85572}","{'new': '+5', '1M_pop': '40', 'total': 453}","{'1M_pop': '281935', 'total': 3191858}",2021-04-11,2021-04-11T15:15:20+00:00
133,Asia,S-Korea,51303412.0,"{'new': '+614', 'active': 7682, 'critical': 105, 'recovered': 100109, '1M_pop': '2136', 'total': 109559}","{'new': '+3', '1M_pop': '34', 'total': 1768}","{'1M_pop': '158460', 'total': 8129532}",2021-04-11,2021-04-11T15:15:19+00:00
134,Europe,Norway,5454040.0,"{'new': None, 'active': 13564, 'critical': 57, 'recovered': 88952, '1M_pop': '18922', 'total': 103200}","{'new': None, '1M_pop': '125', 'total': 684}","{'1M_pop': '884497', 'total': 4824081}",2021-04-11,2021-04-11T15:15:19+00:00
135,Europe,Estonia,1327227.0,"{'new': '+438', 'active': 18339, 'critical': 72, 'recovered': 94807, '1M_pop': '86024', 'total': 114174}","{'new': '+8', '1M_pop': '775', 'total': 1028}","{'1M_pop': '901021', 'total': 1195859}",2021-04-11,2021-04-11T15:15:19+00:00
136,Africa,Libya,6943421.0,"{'new': '+937', 'active': 12081, 'critical': None, 'recovered': 152921, '1M_pop': '24170', 'total': 167825}","{'new': '+16', '1M_pop': '407', 'total': 2823}","{'1M_pop': '131178', 'total': 910823}",2021-04-11,2021-04-11T15:15:19+00:00
137,Asia,Myanmar,54692144.0,"{'new': '+4', 'active': 7517, 'critical': None, 'recovered': 131853, '1M_pop': '2607', 'total': 142576}","{'new': None, '1M_pop': '59', 'total': 3206}","{'1M_pop': '46681', 'total': 2553078}",2021-04-11,2021-04-11T15:15:19+00:00
138,Europe,Latvia,1869958.0,"{'new': '+368', 'active': 6460, 'critical': 94, 'recovered': 99162, '1M_pop': '57546', 'total': 107608}","{'new': None, '1M_pop': '1062', 'total': 1986}","{'1M_pop': '1083517', 'total': 2026131}",2021-04-11,2021-04-11T15:15:19+00:00
139,South-America,Uruguay,3483027.0,"{'new': '+3434', 'active': 35532, 'critical': 471, 'recovered': 104434, '1M_pop': '40591', 'total': 141380}","{'new': '+51', '1M_pop': '406', 'total': 1414}","{'1M_pop': '436265', 'total': 1519522}",2021-04-11,2021-04-11T15:15:19+00:00
140,Africa,Algeria,44458992.0,"{'new': '+127', 'active': 32759, 'critical': 19, 'recovered': 82493, '1M_pop': '2663', 'total': 118378}","{'new': '+3', '1M_pop': '70', 'total': 3126}","{'1M_pop': '5193', 'total': 230861}",2021-04-11,2021-04-11T15:15:19+00:00
141,Africa,Nigeria,210064730.0,"{'new': '+84', 'active': 7578, 'critical': 11, 'recovered': 154098, '1M_pop': '779', 'total': 163736}","{'new': '+1', '1M_pop': '10', 'total': 2060}","{'1M_pop': '8584', 'total': 1803177}",2021-04-11,2021-04-11T15:15:19+00:00
142,Asia,Bahrain,1746812.0,"{'new': '+1122', 'active': 10959, 'critical': 86, 'recovered': 143889, '1M_pop': '88963', 'total': 155402}","{'new': '+4', '1M_pop': '317', 'total': 554}","{'1M_pop': '2153369', 'total': 3761531}",2021-04-11,2021-04-11T15:15:19+00:00
143,Europe,North-Macedonia,2083308.0,"{'new': '+1092', 'active': 21542, 'critical': 124, 'recovered': 115433, '1M_pop': '67756', 'total': 141157}","{'new': '+32', '1M_pop': '2007', 'total': 4182}","{'1M_pop': '319728', 'total': 666091}",2021-04-11,2021-04-11T15:15:19+00:00
144,Africa,Kenya,54679096.0,"{'new': '+1030', 'active': 44249, 'critical': 247, 'recovered': 98605, '1M_pop': '2655', 'total': 145184}","{'new': '+21', '1M_pop': '43', 'total': 2330}","{'1M_pop': '28488', 'total': 1557704}",2021-04-11,2021-04-11T15:15:19+00:00
145,Europe,Albania,2875366.0,"{'new': '+360', 'active': 28639, 'critical': 18, 'recovered': 97206, '1M_pop': '44570', 'total': 128155}","{'new': '+6', '1M_pop': '803', 'total': 2310}","{'1M_pop': '202633', 'total': 582645}",2021-04-11,2021-04-11T15:15:19+00:00
146,Africa,Ethiopia,117143517.0,"{'new': '+1739', 'active': 55071, 'critical': 933, 'recovered': 169038, '1M_pop': '1940', 'total': 227255}","{'new': '+35', '1M_pop': '27', 'total': 3146}","{'1M_pop': '20808', 'total': 2437495}",2021-04-11,2021-04-11T15:15:18+00:00
147,South-America,Venezuela,28373362.0,"{'new': None, 'active': 15555, 'critical': 237, 'recovered': 156472, '1M_pop': '6125', 'total': 173786}","{'new': None, '1M_pop': '62', 'total': 1759}","{'1M_pop': '118386', 'total': 3359014}",2021-04-11,2021-04-11T15:15:18+00:00
148,North-America,Honduras,10026095.0,"{'new': '+977', 'active': 115202, 'critical': 526, 'recovered': 75553, '1M_pop': '19502', 'total': 195525}","{'new': '+4', '1M_pop': '476', 'total': 4770}","{'1M_pop': '53859', 'total': 539992}",2021-04-11,2021-04-11T15:15:18+00:00
149,Europe,Lithuania,2692682.0,"{'new': '+839', 'active': 16589, 'critical': 150, 'recovered': 205897, '1M_pop': '83995', 'total': 226173}","{'new': '+12', '1M_pop': '1369', 'total': 3687}","{'1M_pop': '925009', 'total': 2490755}",2021-04-11,2021-04-11T15:15:18+00:00
150,Asia,Armenia,2967538.0,"{'new': '+650', 'active': 17119, 'critical': None, 'recovered': 181963, '1M_pop': '68345', 'total': 202817}","{'new': '+15', '1M_pop': '1259', 'total': 3735}","{'1M_pop': '304197', 'total': 902716}",2021-04-11,2021-04-11T15:15:18+00:00
151,Europe,Slovenia,2079160.0,"{'new': '+548', 'active': 13819, 'critical': 139, 'recovered': 208561, '1M_pop': '108938', 'total': 226499}","{'new': '+7', '1M_pop': '1981', 'total': 4119}","{'1M_pop': '530916', 'total': 1103860}",2021-04-11,2021-04-11T15:15:18+00:00
152,Africa,Egypt,103815779.0,"{'new': '+801', 'active': 38218, 'critical': 90, 'recovered': 159054, '1M_pop': '2020', 'total': 209677}","{'new': '+43', '1M_pop': '119', 'total': 12405}","{'1M_pop': '24153', 'total': 2507491}",2021-04-11,2021-04-11T15:15:18+00:00
153,Asia,Oman,5206374.0,"{'new': '+3544', 'active': 16989, 'critical': 229, 'recovered': 152784, '1M_pop': '32950', 'total': 171549}","{'new': '+29', '1M_pop': '341', 'total': 1776}","{'1M_pop': '297712', 'total': 1550000}",2021-04-11,2021-04-11T15:15:18+00:00
154,South-America,Paraguay,7200208.0,"{'new': '+1603', 'active': 37382, 'critical': 444, 'recovered': 191614, '1M_pop': '32464', 'total': 233745}","{'new': '+51', '1M_pop': '660', 'total': 4749}","{'1M_pop': '134586', 'total': 969044}",2021-04-11,2021-04-11T15:15:18+00:00
155,North-America,Costa-Rica,5130092.0,"{'new': None, 'active': 24766, 'critical': 199, 'recovered': 194760, '1M_pop': '43380', 'total': 222544}","{'new': None, '1M_pop': '588', 'total': 3018}","{'1M_pop': '164133', 'total': 842015}",2021-04-11,2021-04-11T15:15:18+00:00
156,Europe,Bosnia-and-Herzegovina,3264951.0,"{'new': None, 'active': 35210, 'critical': None, 'recovered': 139419, '1M_pop': '55721', 'total': 181927}","{'new': None, '1M_pop': '2235', 'total': 7298}","{'1M_pop': '255893', 'total': 835478}",2021-04-11,2021-04-11T15:15:18+00:00
157,Asia,Qatar,2807805.0,"{'new': '+961', 'active': 20057, 'critical': 461, 'recovered': 169635, '1M_pop': '67677', 'total': 190025}","{'new': '+2', '1M_pop': '119', 'total': 333}","{'1M_pop': '641947', 'total': 1802462}",2021-04-11,2021-04-11T15:15:18+00:00
158,North-America,Guatemala,18170870.0,"{'new': '+1345', 'active': 10881, 'critical': 5, 'recovered': 184758, '1M_pop': '11152', 'total': 202640}","{'new': '+24', '1M_pop': '385', 'total': 7001}","{'1M_pop': '60753', 'total': 1103938}",2021-04-11,2021-04-11T15:15:18+00:00
159,South-America,Bolivia,11795936.0,"{'new': '+921', 'active': 38321, 'critical': 71, 'recovered': 230807, '1M_pop': '23870', 'total': 281570}","{'new': '+14', '1M_pop': '1055', 'total': 12442}","{'1M_pop': '83322', 'total': 982858}",2021-04-11,2021-04-11T15:15:17+00:00
160,Asia,Kazakhstan,18950201.0,"{'new': '+2842', 'active': 32241, 'critical': 221, 'recovered': 234057, '1M_pop': '14222', 'total': 269519}","{'new': '+19', '1M_pop': '170', 'total': 3221}","{'1M_pop': '483333', 'total': 9159265}",2021-04-11,2021-04-11T15:15:17+00:00
161,Asia,Georgia,3983221.0,"{'new': '+707', 'active': 7216, 'critical': None, 'recovered': 277303, '1M_pop': '72403', 'total': 288396}","{'new': '+8', '1M_pop': '973', 'total': 3877}","{'1M_pop': '921717', 'total': 3671403}",2021-04-11,2021-04-11T15:15:17+00:00
162,Europe,Croatia,4085582.0,"{'new': '+1617', 'active': 13241, 'critical': 182, 'recovered': 272967, '1M_pop': '71597', 'total': 292516}","{'new': '+39', '1M_pop': '1544', 'total': 6308}","{'1M_pop': '401194', 'total': 1639110}",2021-04-11,2021-04-11T15:15:17+00:00
163,Europe,Ireland,4980407.0,"{'new': None, 'active': 212496, 'critical': 48, 'recovered': 23364, '1M_pop': '48318', 'total': 240643}","{'new': None, '1M_pop': '960', 'total': 4783}","{'1M_pop': '837078', 'total': 4168990}",2021-04-11,2021-04-11T15:15:17+00:00
164,Asia,Nepal,29540607.0,"{'new': '+303', 'active': 2961, 'critical': None, 'recovered': 274027, '1M_pop': '9479', 'total': 280028}","{'new': '+1', '1M_pop': '103', 'total': 3040}","{'1M_pop': '78296', 'total': 2312901}",2021-04-11,2021-04-11T15:15:17+00:00
165,Europe,Denmark,5808010.0,"{'new': '+691', 'active': 8721, 'critical': 38, 'recovered': 226630, '1M_pop': '40942', 'total': 237792}","{'new': '+2', '1M_pop': '420', 'total': 2441}","{'1M_pop': '5013485', 'total': 29118371}",2021-04-11,2021-04-11T15:15:17+00:00
166,Asia,Azerbaijan,10209855.0,"{'new': '+2192', 'active': 30687, 'critical': None, 'recovered': 249013, '1M_pop': '27775', 'total': 283579}","{'new': '+33', '1M_pop': '380', 'total': 3879}","{'1M_pop': '294343', 'total': 3005197}",2021-04-11,2021-04-11T15:15:17+00:00
167,Africa,Tunisia,11914205.0,"{'new': '+1460', 'active': 36665, 'critical': 407, 'recovered': 224397, '1M_pop': '22687', 'total': 270297}","{'new': '+56', '1M_pop': '775', 'total': 9235}","{'1M_pop': '98597', 'total': 1174701}",2021-04-11,2021-04-11T15:15:17+00:00
168,North-America,Dominican-Republic,10932007.0,"{'new': '+623', 'active': 37781, 'critical': 154, 'recovered': 216020, '1M_pop': '23526', 'total': 257186}","{'new': '+3', '1M_pop': '310', 'total': 3385}","{'1M_pop': '122886', 'total': 1343391}",2021-04-11,2021-04-11T15:15:17+00:00
169,Asia,Kuwait,4319302.0,"{'new': '+1379', 'active': 14455, 'critical': 226, 'recovered': 229846, '1M_pop': '56885', 'total': 245704}","{'new': '+10', '1M_pop': '325', 'total': 1403}","{'1M_pop': '498112', 'total': 2151495}",2021-04-11,2021-04-11T15:15:17+00:00
170,Asia,Palestine,5192582.0,"{'new': '+2235', 'active': 32312, 'critical': 185, 'recovered': 232960, '1M_pop': '51638', 'total': 268132}","{'new': '+22', '1M_pop': '551', 'total': 2860}","{'1M_pop': '315171', 'total': 1636553}",2021-04-11,2021-04-11T15:15:17+00:00
171,Europe,Moldova,4026708.0,"{'new': '+830', 'active': 13549, 'critical': 312, 'recovered': 221968, '1M_pop': '59822', 'total': 240886}","{'new': '+30', '1M_pop': '1333', 'total': 5369}","{'1M_pop': '223494', 'total': 899947}",2021-04-11,2021-04-11T15:15:17+00:00
172,North-America,Panama,4367153.0,"{'new': '+279', 'active': 4320, 'critical': 105, 'recovered': 347898, '1M_pop': '82062', 'total': 358377}","{'new': '+3', '1M_pop': '1410', 'total': 6159}","{'1M_pop': '511565', 'total': 2234081}",2021-04-11,2021-04-11T15:15:16+00:00
173,Africa,Morocco,37247332.0,"{'new': '+740', 'active': 4782, 'critical': 242, 'recovered': 488015, '1M_pop': '13469', 'total': 501688}","{'new': '+6', '1M_pop': '239', 'total': 8891}","{'1M_pop': '163552', 'total': 6091867}",2021-04-11,2021-04-11T15:15:16+00:00
174,Europe,Slovakia,5461694.0,"{'new': '+589', 'active': 105197, 'critical': 510, 'recovered': 255300, '1M_pop': '67939', 'total': 371062}","{'new': '+78', '1M_pop': '1934', 'total': 10565}","{'1M_pop': '446742', 'total': 2439970}",2021-04-11,2021-04-11T15:15:16+00:00
175,Asia,UAE,9982706.0,"{'new': '+1810', 'active': 13760, 'critical': None, 'recovered': 468456, '1M_pop': '48459', 'total': 483747}","{'new': '+2', '1M_pop': '153', 'total': 1531}","{'1M_pop': '4033355', 'total': 40263802}",2021-04-11,2021-04-11T15:15:16+00:00
176,Europe,Belarus,9446911.0,"{'new': '+1175', 'active': 7197, 'critical': None, 'recovered': 326487, '1M_pop': '35571', 'total': 336038}","{'new': '+10', '1M_pop': '249', 'total': 2354}","{'1M_pop': '587910', 'total': 5553937}",2021-04-11,2021-04-11T15:15:16+00:00
177,Asia,Saudi-Arabia,35232061.0,"{'new': '+799', 'active': 8360, 'critical': 915, 'recovered': 383321, '1M_pop': '11309', 'total': 398435}","{'new': '+7', '1M_pop': '192', 'total': 6754}","{'1M_pop': '448383', 'total': 15797442}",2021-04-11,2021-04-11T15:15:16+00:00
178,Asia,Lebanon,6801692.0,"{'new': '+2705', 'active': 85831, 'critical': 864, 'recovered': 402172, '1M_pop': '72722', 'total': 494633}","{'new': '+38', '1M_pop': '975', 'total': 6630}","{'1M_pop': '543147', 'total': 3694320}",2021-04-11,2021-04-11T15:15:16+00:00
179,Europe,Bulgaria,6907756.0,"{'new': '+1352', 'active': 71381, 'critical': 801, 'recovered': 285799, '1M_pop': '53785', 'total': 371531}","{'new': '+43', '1M_pop': '2078', 'total': 14351}","{'1M_pop': '328134', 'total': 2266672}",2021-04-11,2021-04-11T15:15:16+00:00
180,South-America,Ecuador,17849730.0,"{'new': '+2199', 'active': 37288, 'critical': 593, 'recovered': 290314, '1M_pop': '19321', 'total': 344877}","{'new': '+117', '1M_pop': '968', 'total': 17275}","{'1M_pop': '66720', 'total': 1190939}",2021-04-11,2021-04-11T15:15:16+00:00
181,Asia,Malaysia,32686221.0,"{'new': '+1739', 'active': 15574, 'critical': 183, 'recovered': 343953, '1M_pop': '11040', 'total': 360856}","{'new': '+8', '1M_pop': '41', 'total': 1329}","{'1M_pop': '251023', 'total': 8204996}",2021-04-11,2021-04-11T15:15:16+00:00
182,Asia,Japan,126176770.0,"{'new': '+3587', 'active': 29447, 'critical': 511, 'recovered': 460993, '1M_pop': '3961', 'total': 499793}","{'new': '+19', '1M_pop': '74', 'total': 9353}","{'1M_pop': '82322', 'total': 10387132}",2021-04-11,2021-04-11T15:15:16+00:00
183,Europe,Greece,10383622.0,"{'new': '+2799', 'active': 37933, 'critical': 781, 'recovered': 246997, '1M_pop': '28291', 'total': 293763}","{'new': '+75', '1M_pop': '851', 'total': 8833}","{'1M_pop': '677374', 'total': 7033594}",2021-04-11,2021-04-11T15:15:16+00:00
184,Asia,Pakistan,224195210.0,"{'new': '+5050', 'active': 73875, 'critical': 4143, 'recovered': 631700, '1M_pop': '3216', 'total': 721018}","{'new': '+114', '1M_pop': '69', 'total': 15443}","{'1M_pop': '47882', 'total': 10734960}",2021-04-11,2021-04-11T15:15:15+00:00
185,Europe,Belgium,11628700.0,"{'new': '+4570', 'active': 839627, 'critical': 925, 'recovered': 59432, '1M_pop': '79328', 'total': 922487}","{'new': '+38', '1M_pop': '2015', 'total': 23428}","{'1M_pop': '1003563', 'total': 11670137}",2021-04-11,2021-04-11T15:15:15+00:00
186,Europe,Hungary,9641301.0,"{'new': '+6296', 'active': 270353, 'critical': 1290, 'recovered': 426394, '1M_pop': '74696', 'total': 720164}","{'new': '+206', '1M_pop': '2429', 'total': 23417}","{'1M_pop': '511838', 'total': 4934786}",2021-04-11,2021-04-11T15:15:15+00:00
187,Asia,Israel,9197590.0,"{'new': '+60', 'active': 3890, 'critical': 263, 'recovered': 825687, '1M_pop': '90879', 'total': 835871}","{'new': '+2', '1M_pop': '684', 'total': 6294}","{'1M_pop': '1493902', 'total': 13740302}",2021-04-11,2021-04-11T15:15:15+00:00
188,Asia,Bangladesh,165957839.0,"{'new': '+5819', 'active': 98427, 'critical': None, 'recovered': 576590, '1M_pop': '4126', 'total': 684756}","{'new': '+78', '1M_pop': '59', 'total': 9739}","{'1M_pop': '30145', 'total': 5002865}",2021-04-11,2021-04-11T15:15:15+00:00
189,Europe,Portugal,10173616.0,"{'new': '+601', 'active': 25810, 'critical': 119, 'recovered': 784208, '1M_pop': '81282', 'total': 826928}","{'new': '+6', '1M_pop': '1662', 'total': 16910}","{'1M_pop': '920357', 'total': 9363361}",2021-04-11,2021-04-11T15:15:15+00:00
190,Asia,Jordan,10281442.0,"{'new': '+3145', 'active': 66334, 'critical': 729, 'recovered': 588353, '1M_pop': '64426', 'total': 662395}","{'new': '+62', '1M_pop': '750', 'total': 7708}","{'1M_pop': '612183', 'total': 6294123}",2021-04-11,2021-04-11T15:15:15+00:00
191,Asia,Iraq,40916625.0,"{'new': '+6791', 'active': 95380, 'critical': 436, 'recovered': 814853, '1M_pop': '22606', 'total': 924946}","{'new': '+35', '1M_pop': '360', 'total': 14713}","{'1M_pop': '207953', 'total': 8508732}",2021-04-11,2021-04-11T15:15:15+00:00
192,Europe,Switzerland,8703603.0,"{'new': None, 'active': 49525, 'critical': 189, 'recovered': 557566, '1M_pop': '70953', 'total': 617543}","{'new': '+2', '1M_pop': '1201', 'total': 10452}","{'1M_pop': '728365', 'total': 6339396}",2021-04-11,2021-04-11T15:15:15+00:00
193,Europe,Sweden,10148019.0,"{'new': None, 'active': None, 'critical': 376, 'recovered': None, '1M_pop': '84489', 'total': 857401}","{'new': None, '1M_pop': '1342', 'total': 13621}","{'1M_pop': '773258', 'total': 7847033}",2021-04-11,2021-04-11T15:15:15+00:00
194,Europe,Serbia,8710025.0,"{'new': '+2732', 'active': 80801, 'critical': 266, 'recovered': 555672, '1M_pop': '73732', 'total': 642208}","{'new': '+35', '1M_pop': '658', 'total': 5735}","{'1M_pop': '411973', 'total': 3588296}",2021-04-11,2021-04-11T15:15:15+00:00
195,Europe,Austria,9046191.0,"{'new': '+2252', 'active': 31522, 'critical': 602, 'recovered': 535798, '1M_pop': '63785', 'total': 577007}","{'new': '+25', '1M_pop': '1071', 'total': 9687}","{'1M_pop': '2949205', 'total': 26679075}",2021-04-11,2021-04-11T15:15:15+00:00
196,Asia,Philippines,110707106.0,"{'new': '+11681', 'active': 146519, 'critical': 751, 'recovered': 703404, '1M_pop': '7812', 'total': 864868}","{'new': '+201', '1M_pop': '135', 'total': 14945}","{'1M_pop': '97231', 'total': 10764163}",2021-04-11,2021-04-11T15:15:15+00:00
197,North-America,Mexico,129979772.0,"{'new': '+6356', 'active': 263724, 'critical': 4798, 'recovered': 1807676, '1M_pop': '17529', 'total': 2278420}","{'new': None, '1M_pop': '1593', 'total': 207020}","{'1M_pop': '48202', 'total': 6265261}",2021-04-11,2021-04-11T15:15:14+00:00
198,Europe,Ukraine,43529477.0,"{'new': '+12112', 'active': 405375, 'critical': 177, 'recovered': 1410860, '1M_pop': '42575', 'total': 1853249}","{'new': '+235', '1M_pop': '850', 'total': 37014}","{'1M_pop': '198082', 'total': 8622424}",2021-04-11,2021-04-11T15:15:14+00:00
199,Europe,Czechia,10724387.0,"{'new': '+2198', 'active': 103329, 'critical': 1220, 'recovered': 1449052, '1M_pop': '147345', 'total': 1580189}","{'new': '+37', '1M_pop': '2593', 'total': 27808}","{'1M_pop': '1334213', 'total': 14308617}",2021-04-11,2021-04-11T15:15:14+00:00
200,Asia,Indonesia,275759111.0,"{'new': '+4127', 'active': 109958, 'critical': None, 'recovered': 1414507, '1M_pop': '5682', 'total': 1566995}","{'new': '+87', '1M_pop': '154', 'total': 42530}","{'1M_pop': '48546', 'total': 13386975}",2021-04-11,2021-04-11T15:15:14+00:00
201,Asia,Iran,84823127.0,"{'new': '+21063', 'active': 294677, 'critical': 4392, 'recovered': 1710974, '1M_pop': '24405', 'total': 2070141}","{'new': '+258', '1M_pop': '760', 'total': 64490}","{'1M_pop': '161200', 'total': 13673466}",2021-04-11,2021-04-11T15:15:14+00:00
202,North-America,Canada,37997200.0,"{'new': '+7261', 'active': 70619, 'critical': 928, 'recovered': 958633, '1M_pop': '27700', 'total': 1052539}","{'new': '+36', '1M_pop': '613', 'total': 23287}","{'1M_pop': '759943', 'total': 28875724}",2021-04-11,2021-04-11T15:15:14+00:00
203,Europe,Romania,19137890.0,"{'new': '+3302', 'active': 74373, 'critical': 1531, 'recovered': 906659, '1M_pop': '52575', 'total': 1006167}","{'new': '+129', '1M_pop': '1313', 'total': 25135}","{'1M_pop': '401709', 'total': 7687854}",2021-04-11,2021-04-11T15:15:14+00:00
204,South-America,Colombia,51302055.0,"{'new': '+14509', 'active': 77931, 'critical': 2603, 'recovered': 2375176, '1M_pop': '49096', 'total': 2518715}","{'new': '+325', '1M_pop': '1279', 'total': 65608}","{'1M_pop': '258200', 'total': 13246202}",2021-04-11,2021-04-11T15:15:14+00:00
205,South-America,Argentina,45516495.0,"{'new': '+19419', 'active': 241870, 'critical': 3761, 'recovered': 2217783, '1M_pop': '55305', 'total': 2517300}","{'new': '+297', '1M_pop': '1267', 'total': 57647}","{'1M_pop': '209319', 'total': 9527467}",2021-04-11,2021-04-11T15:15:14+00:00
206,South-America,Peru,33326366.0,"{'new': '+11248', 'active': 27319, 'critical': 2321, 'recovered': 1557779, '1M_pop': '49203', 'total': 1639767}","{'new': '+384', '1M_pop': '1640', 'total': 54669}","{'1M_pop': '298434', 'total': 9945732}",2021-04-11,2021-04-11T15:15:14+00:00
207,Africa,South-Africa,59886167.0,"{'new': '+1285', 'active': 21589, 'critical': 546, 'recovered': 1482682, '1M_pop': '26008', 'total': 1557527}","{'new': '+30', '1M_pop': '889', 'total': 53256}","{'1M_pop': '168919', 'total': 10115923}",2021-04-11,2021-04-11T15:15:14+00:00
208,South-America,Chile,19243128.0,"{'new': '+8101', 'active': 45909, 'critical': 3139, 'recovered': 998400, '1M_pop': '55527', 'total': 1068522}","{'new': '+105', '1M_pop': '1258', 'total': 24213}","{'1M_pop': '614538', 'total': 11825634}",2021-04-11,2021-04-11T15:15:14+00:00
209,Europe,Netherlands,17164268.0,"{'new': '+8218', 'active': None, 'critical': 781, 'recovered': None, '1M_pop': '78691', 'total': 1350665}","{'new': '+17', '1M_pop': '977', 'total': 16771}","{'1M_pop': '657913', 'total': 11292587}",2021-04-11,2021-04-11T15:15:14+00:00
210,Europe,France,65385498.0,"{'new': '+43284', 'active': 4621544, 'critical': 5729, 'recovered': 303639, '1M_pop': '76833', 'total': 5023785}","{'new': '+207', '1M_pop': '1508', 'total': 98602}","{'1M_pop': '1040101', 'total': 68007540}",2021-04-11,2021-04-11T15:15:13+00:00
211,Europe,Spain,46768730.0,"{'new': '+10875', 'active': 175262, 'critical': 2050, 'recovered': 3095922, '1M_pop': '71576', 'total': 3347512}","{'new': '+149', '1M_pop': '1632', 'total': 76328}","{'1M_pop': '929230', 'total': 43458915}",2021-04-11,2021-04-11T15:15:13+00:00
212,Europe,Russia,145983010.0,"{'new': '+8702', 'active': 272895, 'critical': 2300, 'recovered': 4265509, '1M_pop': '31794', 'total': 4641390}","{'new': '+337', '1M_pop': '705', 'total': 102986}","{'1M_pop': '847359', 'total': 123700000}",2021-04-11,2021-04-11T15:15:13+00:00
213,Oceania,Oceania,,"{'new': '+109', 'active': 23894, 'critical': 5, 'recovered': 34676, '1M_pop': None, 'total': 59721}","{'new': None, '1M_pop': None, 'total': 1151}","{'1M_pop': None, 'total': None}",2021-04-11,2021-04-11T15:15:13+00:00
214,Europe,Poland,37814435.0,"{'new': '+21703', 'active': 344909, 'critical': 3459, 'recovered': 2171301, '1M_pop': '68086', 'total': 2574631}","{'new': '+245', '1M_pop': '1545', 'total': 58421}","{'1M_pop': '341473', 'total': 12912603}",2021-04-11,2021-04-11T15:15:13+00:00
215,South-America,Brazil,213728826.0,"{'new': '+69592', 'active': 1254973, 'critical': 8318, 'recovered': 11838564, '1M_pop': '62907', 'total': 13445006}","{'new': '+2535', '1M_pop': '1644', 'total': 351469}","{'1M_pop': '133814', 'total': 28600000}",2021-04-11,2021-04-11T15:15:13+00:00
216,Europe,UK,68162199.0,"{'new': '+2589', 'active': 279227, 'critical': 406, 'recovered': 3961738, '1M_pop': '64083', 'total': 4368045}","{'new': '+40', '1M_pop': '1864', 'total': 127080}","{'1M_pop': '1970141', 'total': 134289127}",2021-04-11,2021-04-11T15:15:13+00:00
217,Asia,Turkey,85040447.0,"{'new': '+52676', 'active': 463414, 'critical': 2739, 'recovered': 3301217, '1M_pop': '44665', 'total': 3798333}","{'new': '+248', '1M_pop': '396', 'total': 33702}","{'1M_pop': '485623', 'total': 41297580}",2021-04-11,2021-04-11T15:15:13+00:00
218,Europe,Germany,83991585.0,"{'new': '+9041', 'active': 251708, 'critical': 4515, 'recovered': 2671200, '1M_pop': '35740', 'total': 3001844}","{'new': '+78', '1M_pop': '940', 'total': 78936}","{'1M_pop': '613862', 'total': 51559277}",2021-04-11,2021-04-11T15:15:13+00:00
219,Asia,India,1390493952.0,"{'new': '+72807', 'active': 1156720, 'critical': 8944, 'recovered': 12101990, '1M_pop': '9657', 'total': 13428272}","{'new': '+257', '1M_pop': '122', 'total': 169562}","{'1M_pop': '184558', 'total': 256626850}",2021-04-11,2021-04-11T15:15:13+00:00
220,All,All,,"{'new': '+246977', 'active': 23741772, 'critical': 102670, 'recovered': 109558607, '1M_pop': '17479', 'total': 136242220}","{'new': '+2761', '1M_pop': '377.4', 'total': 2941841}","{'1M_pop': None, 'total': None}",2021-04-11,2021-04-11T15:15:13+00:00
221,North-America,USA,332505583.0,"{'new': '+2780', 'active': 6873494, 'critical': 9206, 'recovered': 24423673, '1M_pop': '95856', 'total': 31872776}","{'new': '+14', '1M_pop': '1731', 'total': 575609}","{'1M_pop': '1258008', 'total': 418294538}",2021-04-11,2021-04-11T15:15:13+00:00
222,Europe,Italy,60393047.0,"{'new': '+17567', 'active': 533085, 'critical': 3588, 'recovered': 3107069, '1M_pop': '62161', 'total': 3754077}","{'new': '+344', '1M_pop': '1886', 'total': 113923}","{'1M_pop': '874302', 'total': 52801766}",2021-04-11,2021-04-11T15:15:13+00:00
223,South-America,South-America,,"{'new': '+921', 'active': 1821095, 'critical': 21990, 'recovered': 19989734, '1M_pop': None, 'total': 22402599}","{'new': '+14', '1M_pop': None, 'total': 591770}","{'1M_pop': None, 'total': None}",2021-04-11,2021-04-11T15:15:12+00:00
224,Africa,Africa,,"{'new': '+1728', 'active': 344295, 'critical': 3593, 'recovered': 3917648, '1M_pop': None, 'total': 4377681}","{'new': '+25', '1M_pop': None, 'total': 115738}","{'1M_pop': None, 'total': None}",2021-04-11,2021-04-11T15:15:12+00:00
225,Europe,Europe,,"{'new': '+87866', 'active': 11184018, 'critical': 33022, 'recovered': 29452740, '1M_pop': None, 'total': 41587244}","{'new': '+1538', '1M_pop': None, 'total': 950486}","{'1M_pop': None, 'total': None}",2021-04-11,2021-04-11T15:15:12+00:00
226,North-America,North-America,,"{'new': '+10287', 'active': 7460814, 'critical': 16252, 'recovered': 28453049, '1M_pop': None, 'total': 36748991}","{'new': '+21', '1M_pop': None, 'total': 835128}","{'1M_pop': None, 'total': None}",2021-04-11,2021-04-11T15:15:12+00:00
227,Asia,Asia,,"{'new': '+146066', 'active': 2907656, 'critical': 27808, 'recovered': 27710054, '1M_pop': None, 'total': 31065263}","{'new': '+1163', '1M_pop': None, 'total': 447553}","{'1M_pop': None, 'total': None}",2021-04-11,2021-04-11T15:15:12+00:00
228,,MS-Zaandam-,,"{'new': '+7', 'active': 7, 'critical': None, 'recovered': None, '1M_pop': None, 'total': 9}","{'new': '+2', '1M_pop': None, 'total': 2}","{'1M_pop': None, 'total': None}",2020-04-09,2020-04-09T15:45:06+00:00
229,,Diamond-Princess-,,"{'new': None, 'active': 82, 'critical': 10, 'recovered': 619, '1M_pop': None, 'total': 712}","{'new': None, '1M_pop': None, 'total': 11}","{'1M_pop': None, 'total': None}",2020-04-09,2020-04-09T15:45:06+00:00
230,,US-Virgin-Islands,,"{'new': '+11', 'active': 17, 'critical': None, 'recovered': None, '1M_pop': '163', 'total': 17}","{'new': None, '1M_pop': None, 'total': None}","{'1M_pop': None, 'total': None}",2020-03-25,2020-03-25T06:00:07+00:00
231,,Puerto-Rico,,"{'new': '+8', 'active': 36, 'critical': None, 'recovered': 1, '1M_pop': '14', 'total': 39}","{'new': None, '1M_pop': None, 'total': 2}","{'1M_pop': None, 'total': None}",2020-03-25,2020-03-25T06:00:07+00:00
232,,Guam,,"{'new': '+3', 'active': 31, 'critical': None, 'recovered': None, '1M_pop': '190', 'total': 32}","{'new': None, '1M_pop': None, 'total': 1}","{'1M_pop': None, 'total': None}",2020-03-25,2020-03-25T06:00:07+00:00
